{"cameraMode":{"drawMode":0,"name":"Shaded","section":"Shading Mode"},"sceneLighting":true,"audioPlay":false,"sceneViewState":{"showFog":false,"showMaterialUpdate":false,"showSkybox":false,"showFlares":false,"showImageEffects":false,"showParticleSystems":false},"in2DMode":false,"pivot":{"x":37.95940399169922,"y":146.26119995117188,"z":-17.633289337158204},"rotation":{"x":-0.33095043897628786,"y":-0.6495223045349121,"z":0.37561923265457156,"w":-0.5722785592079163},"size":304.258544921875,"orthographic":false}