{"cameraMode":{"drawMode":0,"name":"Shaded","section":"Shading Mode"},"sceneLighting":true,"audioPlay":false,"sceneViewState":{"showFog":false,"showMaterialUpdate":false,"showSkybox":false,"showFlares":false,"showImageEffects":false,"showParticleSystems":false},"in2DMode":false,"pivot":{"x":149.7943115234375,"y":217.90000915527345,"z":152.7322235107422},"rotation":{"x":0.032362595200538638,"y":0.6660366654396057,"z":-0.029046427458524705,"w":0.7446503043174744},"size":22.0,"orthographic":false}