{"cameraMode":{"drawMode":0,"name":"Shaded","section":"Shading Mode"},"sceneLighting":true,"audioPlay":false,"sceneViewState":{"showFog":false,"showMaterialUpdate":false,"showSkybox":false,"showFlares":false,"showImageEffects":false,"showParticleSystems":false},"in2DMode":false,"pivot":{"x":150.33172607421876,"y":206.4239044189453,"z":150.3697509765625},"rotation":{"x":-0.10494630038738251,"y":0.8813241124153137,"z":-0.2325647622346878,"w":-0.39770302176475527},"size":25.734607696533204,"orthographic":false}