{"cameraMode":{"drawMode":0,"name":"Shaded","section":"Shading Mode"},"sceneLighting":true,"audioPlay":false,"sceneViewState":{"showFog":false,"showMaterialUpdate":false,"showSkybox":false,"showFlares":false,"showImageEffects":false,"showParticleSystems":false},"in2DMode":false,"pivot":{"x":152.95606994628907,"y":207.07196044921876,"z":155.80018615722657},"rotation":{"x":-0.10494630038738251,"y":0.8813241124153137,"z":-0.2325647622346878,"w":-0.39770302176475527},"size":12.998861312866211,"orthographic":false}