{"cameraMode":{"drawMode":0,"name":"Shaded","section":"Shading Mode"},"sceneLighting":false,"audioPlay":false,"sceneViewState":{"showFog":false,"showMaterialUpdate":false,"showSkybox":false,"showFlares":false,"showImageEffects":false,"showParticleSystems":false},"in2DMode":false,"pivot":{"x":1.4017975330352784,"y":4.152756690979004,"z":16.57912254333496},"rotation":{"x":-0.23636114597320558,"y":0.7339239716529846,"z":-0.312732070684433,"w":-0.5546960830688477},"size":3.112304925918579,"orthographic":false}