{"cameraMode":{"drawMode":0,"name":"Shaded","section":"Shading Mode"},"sceneLighting":true,"audioPlay":false,"sceneViewState":{"showFog":false,"showMaterialUpdate":false,"showSkybox":false,"showFlares":false,"showImageEffects":false,"showParticleSystems":false},"in2DMode":false,"pivot":{"x":167.29043579101563,"y":210.17196655273438,"z":150.5447540283203},"rotation":{"x":-0.2276957780122757,"y":-0.3577243983745575,"z":0.09039007872343064,"w":-0.901120126247406},"size":13.721343040466309,"orthographic":false}