{"cameraMode":{"drawMode":0,"name":"Shaded","section":"Shading Mode"},"sceneLighting":false,"audioPlay":false,"sceneViewState":{"showFog":false,"showMaterialUpdate":false,"showSkybox":false,"showFlares":false,"showImageEffects":false,"showParticleSystems":false},"in2DMode":false,"pivot":{"x":-0.9668928980827332,"y":4.091522216796875,"z":5.8732476234436039},"rotation":{"x":-0.04461664706468582,"y":0.5621716380119324,"z":-0.030373452231287957,"w":-0.8252574801445007},"size":11.162714004516602,"orthographic":false}