{"cameraMode":{"drawMode":0,"name":"Shaded","section":"Shading Mode"},"sceneLighting":true,"audioPlay":false,"sceneViewState":{"showFog":false,"showMaterialUpdate":false,"showSkybox":false,"showFlares":false,"showImageEffects":false,"showParticleSystems":false},"in2DMode":false,"pivot":{"x":0.10000133514404297,"y":154.18313598632813,"z":90.125},"rotation":{"x":-0.10494630038738251,"y":0.8813241124153137,"z":-0.2325647622346878,"w":-0.39770302176475527},"size":45.962100982666019,"orthographic":false}