{"cameraMode":{"drawMode":0,"name":"Shaded","section":"Shading Mode"},"sceneLighting":true,"audioPlay":false,"sceneViewState":{"showFog":false,"showMaterialUpdate":false,"showSkybox":false,"showFlares":false,"showImageEffects":false,"showParticleSystems":false},"in2DMode":false,"pivot":{"x":310.83184814453127,"y":196.34336853027345,"z":233.460693359375},"rotation":{"x":-0.08577561378479004,"y":-0.5154895782470703,"z":0.0520460419356823,"w":-0.8510019183158875},"size":158.21168518066407,"orthographic":false}